{
    "columns": {
        "Gender": {
            "sdtype": "categorical"
        },
        "Dependent_count": {
            "sdtype": "categorical"
        },
        "Marital_Status": {
            "sdtype": "categorical"
        },
        "Income_Category": {
            "sdtype": "categorical"
        },
        "Card_Category": {
            "sdtype": "categorical"
        },
        "Total_Relationship_Count": {
            "sdtype": "categorical"
        },
        "Credit_Limit": {
            "sdtype": "numerical"
        },
        "Avg_Open_To_Buy": {
            "sdtype": "numerical"
        },
        "Total_Trans_Amt": {
            "sdtype": "numerical"
        },
        "Total_Trans_Ct": {
            "sdtype": "numerical"
        },
        "Customer_Age": {
            "sdtype": "numerical"
        },
        "Months_on_book": {
            "sdtype": "numerical"
        },
        "Total_Amt_Chng_Q4_Q1": {
            "sdtype": "numerical"
        },
        "target": {
            "sdtype": "categorical"
        }
    },
    "METADATA_SPEC_VERSION": "SINGLE_TABLE_V1"
}