{
    "METADATA_SPEC_VERSION": "SINGLE_TABLE_V1",
    "columns": {
        "host_response_time": {
            "sdtype": "categorical"
        },
        "neighbourhood_cleansed": {
            "sdtype": "categorical"
        },
        "property_type": {
            "sdtype": "categorical"
        },
        "City": {
            "sdtype": "categorical"
        },
        "price": {
            "sdtype": "numerical"
        },
        "review_scores_rating": {
            "sdtype": "numerical"
        },
        "review_scores_accuracy": {
            "sdtype": "numerical"
        },
        "review_scores_cleanliness": {
            "sdtype": "numerical"
        },
        "review_scores_location": {
            "sdtype": "numerical"
        },
        "review_scores_communication": {
            "sdtype": "numerical"
        },
        "reviews_per_month": {
            "sdtype": "numerical"
        },
        "bedrooms": {
            "sdtype": "numerical"
        },
        "accommodates": {
            "sdtype": "numerical"
        },
        "beds": {
            "sdtype": "numerical"
        },
        "host_acceptance_rate": {
            "sdtype": "numerical"
        },
        "host_is_superhost": {
            "sdtype": "categorical"
        },
        "number_of_reviews": {
            "sdtype": "numerical"
        }
    }
}